host_time,node_ip,node_id,esp_millis,event,message
2026-05-25T15:54:36.623,192.168.10.201,34990F,531606,DISCOVERY_SENT,peers=3
2026-05-25T15:54:36.623,192.168.10.200,A3A2D8,447345,DISCOVERY_SENT,peers=3
2026-05-25T15:54:36.629,192.168.10.126,606881,04C9CB,COMMAND_REJECTED,unknown=CMD_DISCOVER
2026-05-25T15:54:36.828,192.168.10.243,0B8772,489046,DISCOVERY_SENT,peers=3
2026-05-25T15:54:38.666,192.168.10.201,34990F,533649,HEARTBEAT,"ip=192.168.10.201,peers=3,cache_used=0,queries=0,hits=0,avg_ms=0.00,heap=34248"
2026-05-25T15:54:39.689,192.168.10.243,0B8772,491987,HEARTBEAT,"ip=192.168.10.243,peers=3,cache_used=0,queries=0,hits=0,avg_ms=0.00,heap=33048"
2026-05-25T15:54:39.894,192.168.10.166,2BA2F4,511172,HEARTBEAT,"ip=192.168.10.166,peers=3,cache_used=0,queries=0,hits=0,avg_ms=0.00,heap=34024"
2026-05-25T15:54:40.714,192.168.10.200,A3A2D8,451427,HEARTBEAT,"ip=192.168.10.200,peers=3,cache_used=0,queries=0,hits=0,avg_ms=0.00,heap=33952"
2026-05-25T15:54:48.500,192.168.10.201,34990F,543649,HEARTBEAT,"ip=192.168.10.201,peers=3,cache_used=0,queries=0,hits=0,avg_ms=0.00,heap=34248"
2026-05-25T15:54:49.728,192.168.10.243,0B8772,501895,HEARTBEAT,"ip=192.168.10.243,peers=3,cache_used=0,queries=0,hits=0,avg_ms=0.00,heap=34136"
2026-05-25T15:54:49.932,192.168.10.166,2BA2F4,521172,HEARTBEAT,"ip=192.168.10.166,peers=3,cache_used=0,queries=0,hits=0,avg_ms=0.00,heap=34192"
2026-05-25T15:54:50.348,192.168.10.200,A3A2D8,461136,HEARTBEAT,"ip=192.168.10.200,peers=3,cache_used=0,queries=0,hits=0,avg_ms=0.00,heap=34136"
2026-05-25T15:54:58.536,192.168.10.201,34990F,553649,HEARTBEAT,"ip=192.168.10.201,peers=3,cache_used=0,queries=0,hits=0,avg_ms=0.00,heap=34248"
2026-05-25T15:54:59.772,192.168.10.243,0B8772,512107,HEARTBEAT,"ip=192.168.10.243,peers=3,cache_used=0,queries=0,hits=0,avg_ms=0.00,heap=33216"
2026-05-25T15:55:00.378,192.168.10.166,2BA2F4,531503,HEARTBEAT,"ip=192.168.10.166,peers=3,cache_used=0,queries=0,hits=0,avg_ms=0.00,heap=33672"
2026-05-25T15:55:00.387,192.168.10.200,A3A2D8,471137,HEARTBEAT,"ip=192.168.10.200,peers=3,cache_used=0,queries=0,hits=0,avg_ms=0.00,heap=34136"
2026-05-25T15:55:08.571,192.168.10.201,34990F,563649,HEARTBEAT,"ip=192.168.10.201,peers=3,cache_used=0,queries=0,hits=0,avg_ms=0.00,heap=34248"
2026-05-25T15:55:10.016,192.168.10.243,0B8772,522321,HEARTBEAT,"ip=192.168.10.243,peers=3,cache_used=0,queries=0,hits=0,avg_ms=0.00,heap=33784"
2026-05-25T15:55:10.425,192.168.10.200,A3A2D8,481137,HEARTBEAT,"ip=192.168.10.200,peers=3,cache_used=0,queries=0,hits=0,avg_ms=0.00,heap=34136"
2026-05-25T15:55:10.631,192.168.10.166,2BA2F4,541777,HEARTBEAT,"ip=192.168.10.166,peers=3,cache_used=0,queries=0,hits=0,avg_ms=0.00,heap=33840"
2026-05-25T15:55:18.618,192.168.10.201,34990F,573760,HEARTBEAT,"ip=192.168.10.201,peers=3,cache_used=0,queries=0,hits=0,avg_ms=0.00,heap=33728"
2026-05-25T15:55:19.847,192.168.10.243,0B8772,532119,HEARTBEAT,"ip=192.168.10.243,peers=3,cache_used=0,queries=0,hits=0,avg_ms=0.00,heap=34136"
2026-05-25T15:55:20.257,192.168.10.166,2BA2F4,551492,HEARTBEAT,"ip=192.168.10.166,peers=3,cache_used=0,queries=0,hits=0,avg_ms=0.00,heap=34192"
2026-05-25T15:55:20.257,192.168.10.200,A3A2D8,491137,HEARTBEAT,"ip=192.168.10.200,peers=3,cache_used=0,queries=0,hits=0,avg_ms=0.00,heap=34136"
2026-05-25T15:55:28.859,192.168.10.201,34990F,583900,HEARTBEAT,"ip=192.168.10.201,peers=3,cache_used=0,queries=0,hits=0,avg_ms=0.00,heap=33728"
2026-05-25T15:55:30.087,192.168.10.243,0B8772,542369,HEARTBEAT,"ip=192.168.10.243,peers=3,cache_used=0,queries=0,hits=0,avg_ms=0.00,heap=33616"
2026-05-25T15:55:30.292,192.168.10.200,A3A2D8,501137,HEARTBEAT,"ip=192.168.10.200,peers=3,cache_used=0,queries=0,hits=0,avg_ms=0.00,heap=34136"
2026-05-25T15:55:38.690,192.168.10.201,34990F,593808,HEARTBEAT,"ip=192.168.10.201,peers=3,cache_used=0,queries=0,hits=0,avg_ms=0.00,heap=34248"
2026-05-25T15:55:40.327,192.168.10.243,0B8772,552567,HEARTBEAT,"ip=192.168.10.243,peers=3,cache_used=0,queries=0,hits=0,avg_ms=0.00,heap=33784"
2026-05-25T15:55:40.333,192.168.10.200,A3A2D8,511200,HEARTBEAT,"ip=192.168.10.200,peers=3,cache_used=0,queries=0,hits=0,avg_ms=0.00,heap=34136"
2026-05-25T15:55:40.738,192.168.10.166,2BA2F4,571850,HEARTBEAT,"ip=192.168.10.166,peers=3,cache_used=0,queries=0,hits=0,avg_ms=0.00,heap=33672"
2026-05-25T15:55:48.932,192.168.10.201,34990F,604066,HEARTBEAT,"ip=192.168.10.201,peers=3,cache_used=0,queries=0,hits=0,avg_ms=0.00,heap=33728"
2026-05-25T15:55:50.134,192.168.10.243,0B8772,562429,HEARTBEAT,"ip=192.168.10.243,peers=3,cache_used=0,queries=0,hits=0,avg_ms=0.00,heap=33616"
2026-05-25T15:55:50.334,192.168.10.200,A3A2D8,521200,HEARTBEAT,"ip=192.168.10.200,peers=3,cache_used=0,queries=0,hits=0,avg_ms=0.00,heap=34136"
2026-05-25T15:55:50.537,192.168.10.166,2BA2F4,581758,HEARTBEAT,"ip=192.168.10.166,peers=3,cache_used=0,queries=0,hits=0,avg_ms=0.00,heap=34192"
2026-05-25T15:55:58.823,192.168.10.201,34990F,613974,HEARTBEAT,"ip=192.168.10.201,peers=3,cache_used=0,queries=0,hits=0,avg_ms=0.00,heap=34248"
2026-05-25T15:56:00.047,192.168.10.243,0B8772,572438,HEARTBEAT,"ip=192.168.10.243,peers=3,cache_used=0,queries=0,hits=0,avg_ms=0.00,heap=33616"
2026-05-25T15:56:00.249,192.168.10.200,A3A2D8,531200,HEARTBEAT,"ip=192.168.10.200,peers=3,cache_used=0,queries=0,hits=0,avg_ms=0.00,heap=34136"
2026-05-25T15:56:00.450,192.168.10.166,2BA2F4,591757,HEARTBEAT,"ip=192.168.10.166,peers=3,cache_used=0,queries=0,hits=0,avg_ms=0.00,heap=34192"
2026-05-25T15:56:08.820,192.168.10.201,34990F,624070,HEARTBEAT,"ip=192.168.10.201,peers=3,cache_used=0,queries=0,hits=0,avg_ms=0.00,heap=33728"
2026-05-25T15:56:10.246,192.168.10.200,A3A2D8,541200,HEARTBEAT,"ip=192.168.10.200,peers=3,cache_used=0,queries=0,hits=0,avg_ms=0.00,heap=34136"
2026-05-25T15:56:10.250,192.168.10.243,0B8772,582714,HEARTBEAT,"ip=192.168.10.243,peers=3,cache_used=0,queries=0,hits=0,avg_ms=0.00,heap=33616"
2026-05-25T15:56:18.632,192.168.10.201,34990F,633978,HEARTBEAT,"ip=192.168.10.201,peers=3,cache_used=0,queries=0,hits=0,avg_ms=0.00,heap=34248"
2026-05-25T15:56:20.067,192.168.10.243,0B8772,592431,HEARTBEAT,"ip=192.168.10.243,peers=3,cache_used=0,queries=0,hits=0,avg_ms=0.00,heap=34136"
2026-05-25T15:56:20.269,192.168.10.200,A3A2D8,551200,HEARTBEAT,"ip=192.168.10.200,peers=3,cache_used=0,queries=0,hits=0,avg_ms=0.00,heap=34136"
2026-05-25T15:56:20.473,192.168.10.166,2BA2F4,611861,HEARTBEAT,"ip=192.168.10.166,peers=3,cache_used=0,queries=0,hits=0,avg_ms=0.00,heap=34192"
2026-05-25T15:56:28.719,192.168.10.201,34990F,643978,HEARTBEAT,"ip=192.168.10.201,peers=3,cache_used=0,queries=0,hits=0,avg_ms=0.00,heap=34248"
2026-05-25T15:56:29.953,192.168.10.243,0B8772,602431,HEARTBEAT,"ip=192.168.10.243,peers=3,cache_used=0,queries=0,hits=0,avg_ms=0.00,heap=34136"
2026-05-25T15:56:30.365,192.168.10.200,A3A2D8,561200,HEARTBEAT,"ip=192.168.10.200,peers=3,cache_used=0,queries=0,hits=0,avg_ms=0.00,heap=34136"
2026-05-25T15:56:30.575,192.168.10.166,2BA2F4,621861,HEARTBEAT,"ip=192.168.10.166,peers=3,cache_used=0,queries=0,hits=0,avg_ms=0.00,heap=34192"
2026-05-25T15:56:38.800,192.168.10.201,34990F,653978,HEARTBEAT,"ip=192.168.10.201,peers=3,cache_used=0,queries=0,hits=0,avg_ms=0.00,heap=34248"
2026-05-25T15:56:40.223,192.168.10.200,A3A2D8,571203,HEARTBEAT,"ip=192.168.10.200,peers=3,cache_used=0,queries=0,hits=0,avg_ms=0.00,heap=34136"
2026-05-25T15:56:40.224,192.168.10.243,0B8772,612531,HEARTBEAT,"ip=192.168.10.243,peers=3,cache_used=0,queries=0,hits=0,avg_ms=0.00,heap=33384"
2026-05-25T15:56:40.633,192.168.10.166,2BA2F4,632056,HEARTBEAT,"ip=192.168.10.166,peers=3,cache_used=0,queries=0,hits=0,avg_ms=0.00,heap=33672"
2026-05-25T15:56:48.832,192.168.10.201,34990F,664061,HEARTBEAT,"ip=192.168.10.201,peers=3,cache_used=0,queries=0,hits=0,avg_ms=0.00,heap=34248"
2026-05-25T15:56:50.062,192.168.10.243,0B8772,622438,HEARTBEAT,"ip=192.168.10.243,peers=3,cache_used=0,queries=0,hits=0,avg_ms=0.00,heap=34136"
2026-05-25T15:56:50.267,192.168.10.200,A3A2D8,581203,HEARTBEAT,"ip=192.168.10.200,peers=3,cache_used=0,queries=0,hits=0,avg_ms=0.00,heap=34136"
2026-05-25T15:56:50.677,192.168.10.166,2BA2F4,641964,HEARTBEAT,"ip=192.168.10.166,peers=3,cache_used=0,queries=0,hits=0,avg_ms=0.00,heap=34192"
2026-05-25T15:57:00.138,192.168.10.243,0B8772,632438,HEARTBEAT,"ip=192.168.10.243,peers=3,cache_used=0,queries=0,hits=0,avg_ms=0.00,heap=34136"
2026-05-25T15:57:00.755,192.168.10.166,2BA2F4,651964,HEARTBEAT,"ip=192.168.10.166,peers=3,cache_used=0,queries=0,hits=0,avg_ms=0.00,heap=34192"
2026-05-25T15:57:01.166,192.168.10.201,34990F,8471,READY,"ip=192.168.10.201,peers=0"
2026-05-25T15:57:03.013,192.168.10.201,34990F,10325,HEARTBEAT,"ip=192.168.10.201,peers=1,cache_used=0,queries=0,hits=0,avg_ms=0.00,heap=35152"
2026-05-25T15:57:04.866,192.168.10.200,A3A2D8,6469,READY,"ip=192.168.10.200,peers=0"
2026-05-25T15:57:07.331,192.168.10.243,0B8772,6485,READY,"ip=192.168.10.243,peers=0"
2026-05-25T15:57:08.761,192.168.10.200,A3A2D8,10330,HEARTBEAT,"ip=192.168.10.200,peers=3,cache_used=0,queries=0,hits=0,avg_ms=0.00,heap=34776"
2026-05-25T15:57:11.023,192.168.10.243,0B8772,10151,HEARTBEAT,"ip=192.168.10.243,peers=1,cache_used=0,queries=0,hits=0,avg_ms=0.00,heap=34984"
2026-05-25T15:57:12.456,192.168.10.166,2BA2F4,6479,READY,"ip=192.168.10.166,peers=0"
2026-05-25T15:57:13.076,192.168.10.201,34990F,20398,HEARTBEAT,"ip=192.168.10.201,peers=2,cache_used=0,queries=0,hits=0,avg_ms=0.00,heap=33784"
2026-05-25T15:57:14.502,192.168.10.126,4607,04C9CB,ENERGY_PROFILER_READY,"ip=192.168.10.126,command_port=8081,telemetry_port=8080"
2026-05-25T15:57:15.946,192.168.10.166,2BA2F4,10000,HEARTBEAT,"ip=192.168.10.166,peers=2,cache_used=0,queries=0,hits=0,avg_ms=0.00,heap=35304"
2026-05-25T15:57:18.602,192.168.10.200,A3A2D8,20040,HEARTBEAT,"ip=192.168.10.200,peers=3,cache_used=0,queries=0,hits=0,avg_ms=0.00,heap=34264"
2026-05-25T15:57:21.061,192.168.10.243,0B8772,20059,HEARTBEAT,"ip=192.168.10.243,peers=1,cache_used=0,queries=0,hits=0,avg_ms=0.00,heap=34208"
2026-05-25T15:57:22.915,192.168.10.201,34990F,30305,HEARTBEAT,"ip=192.168.10.201,peers=2,cache_used=0,queries=0,hits=0,avg_ms=0.00,heap=34304"
2026-05-25T15:57:25.987,192.168.10.166,2BA2F4,20001,HEARTBEAT,"ip=192.168.10.166,peers=2,cache_used=0,queries=0,hits=0,avg_ms=0.00,heap=34152"
2026-05-25T15:57:28.650,192.168.10.200,A3A2D8,30040,HEARTBEAT,"ip=192.168.10.200,peers=3,cache_used=0,queries=0,hits=0,avg_ms=0.00,heap=34264"
2026-05-25T15:57:30.904,192.168.10.243,0B8772,30059,HEARTBEAT,"ip=192.168.10.243,peers=2,cache_used=0,queries=0,hits=0,avg_ms=0.00,heap=34208"
2026-05-25T15:57:32.337,192.168.10.200,A3A2D8,33738,CACHE_CLEARED,source=192.168.10.198
2026-05-25T15:57:32.338,192.168.10.166,2BA2F4,26256,CACHE_CLEARED,source=192.168.10.198
2026-05-25T15:57:32.340,192.168.10.201,34990F,39576,CACHE_CLEARED,source=192.168.10.198
2026-05-25T15:57:32.345,192.168.10.126,22364,04C9CB,COMMAND_REJECTED,unknown=CMD_CLEAR_CACHE
2026-05-25T15:57:32.952,192.168.10.201,34990F,40305,HEARTBEAT,"ip=192.168.10.201,peers=3,cache_used=0,queries=0,hits=0,avg_ms=0.00,heap=34304"
2026-05-25T15:57:35.214,192.168.10.126,25435,04C9CB,COMMAND_REJECTED,unknown=CMD_DISCOVER
2026-05-25T15:57:35.423,192.168.10.201,34990F,42653,DISCOVERY_SENT,peers=3
2026-05-25T15:57:36.231,192.168.10.166,2BA2F4,30236,HEARTBEAT,"ip=192.168.10.166,peers=3,cache_used=0,queries=0,hits=0,avg_ms=0.00,heap=33864"
2026-05-25T15:57:38.690,192.168.10.200,A3A2D8,40147,HEARTBEAT,"ip=192.168.10.200,peers=3,cache_used=0,queries=0,hits=0,avg_ms=0.00,heap=34264"
2026-05-25T15:57:40.944,192.168.10.243,0B8772,40059,HEARTBEAT,"ip=192.168.10.243,peers=3,cache_used=0,queries=0,hits=0,avg_ms=0.00,heap=34208"
2026-05-25T16:06:15.712,192.168.10.200,A3A2D8,216991,DISCOVERY_SENT,peers=3
2026-05-25T16:06:15.713,192.168.10.166,2BA2F4,16813,DISCOVERY_SENT,peers=2
2026-05-25T16:06:15.723,192.168.10.126,04C9CB,12476,READY,"ip=192.168.10.126,peers=0"
2026-05-25T16:06:15.723,192.168.10.126,04C9CB,12478,HEARTBEAT,"ip=192.168.10.126,peers=0,cache_used=0,queries=0,hits=0,avg_ms=0.00,heap=34472"
2026-05-25T16:06:15.917,192.168.10.243,0B8772,36215,DISCOVERY_SENT,peers=3
2026-05-25T16:06:18.172,192.168.10.201,34990F,140880,HEARTBEAT,"ip=192.168.10.201,peers=3,cache_used=0,queries=0,hits=0,avg_ms=0.00,heap=32632"
2026-05-25T16:06:19.401,192.168.10.166,2BA2F4,20554,HEARTBEAT,"ip=192.168.10.166,peers=2,cache_used=0,queries=0,hits=0,avg_ms=0.00,heap=32704"
2026-05-25T16:06:19.606,192.168.10.243,0B8772,40001,HEARTBEAT,"ip=192.168.10.243,peers=3,cache_used=0,queries=0,hits=0,avg_ms=0.00,heap=33096"
2026-05-25T16:06:19.811,192.168.10.200,A3A2D8,221202,HEARTBEAT,"ip=192.168.10.200,peers=4,cache_used=0,queries=0,hits=0,avg_ms=0.00,heap=33096"
2026-05-25T16:06:25.753,192.168.10.126,04C9CB,22478,HEARTBEAT,"ip=192.168.10.126,peers=2,cache_used=0,queries=0,hits=0,avg_ms=0.00,heap=33120"
2026-05-25T16:06:29.032,192.168.10.166,2BA2F4,30267,HEARTBEAT,"ip=192.168.10.166,peers=2,cache_used=0,queries=0,hits=0,avg_ms=0.00,heap=33224"
2026-05-25T16:06:29.647,192.168.10.243,0B8772,50001,HEARTBEAT,"ip=192.168.10.243,peers=3,cache_used=0,queries=0,hits=0,avg_ms=0.00,heap=33096"
2026-05-25T16:06:29.851,192.168.10.200,A3A2D8,231202,HEARTBEAT,"ip=192.168.10.200,peers=4,cache_used=0,queries=0,hits=0,avg_ms=0.00,heap=33096"
2026-05-25T16:06:35.999,192.168.10.126,04C9CB,32769,HEARTBEAT,"ip=192.168.10.126,peers=4,cache_used=0,queries=0,hits=0,avg_ms=0.00,heap=32600"
2026-05-25T16:06:38.279,192.168.10.201,34990F,160788,HEARTBEAT,"ip=192.168.10.201,peers=4,cache_used=0,queries=0,hits=0,avg_ms=0.00,heap=33152"
2026-05-25T16:06:39.312,192.168.10.166,2BA2F4,40392,HEARTBEAT,"ip=192.168.10.166,peers=3,cache_used=0,queries=0,hits=0,avg_ms=0.00,heap=32704"
2026-05-25T16:06:39.725,192.168.10.243,0B8772,60034,HEARTBEAT,"ip=192.168.10.243,peers=4,cache_used=0,queries=0,hits=0,avg_ms=0.00,heap=32928"
2026-05-25T16:06:39.932,192.168.10.200,A3A2D8,241338,HEARTBEAT,"ip=192.168.10.200,peers=4,cache_used=0,queries=0,hits=0,avg_ms=0.00,heap=32408"
2026-05-25T16:06:45.701,192.168.10.126,04C9CB,42485,HEARTBEAT,"ip=192.168.10.126,peers=4,cache_used=0,queries=0,hits=0,avg_ms=0.00,heap=33120"
2026-05-25T16:06:48.168,192.168.10.201,34990F,170788,HEARTBEAT,"ip=192.168.10.201,peers=4,cache_used=0,queries=0,hits=0,avg_ms=0.00,heap=33152"
2026-05-25T16:06:49.195,192.168.10.166,2BA2F4,50300,HEARTBEAT,"ip=192.168.10.166,peers=3,cache_used=0,queries=0,hits=0,avg_ms=0.00,heap=33224"
2026-05-25T16:06:49.811,192.168.10.243,0B8772,70001,HEARTBEAT,"ip=192.168.10.243,peers=4,cache_used=0,queries=0,hits=0,avg_ms=0.00,heap=33096"
2026-05-25T16:06:50.016,192.168.10.200,A3A2D8,251246,HEARTBEAT,"ip=192.168.10.200,peers=4,cache_used=0,queries=0,hits=0,avg_ms=0.00,heap=33096"
2026-05-25T16:06:55.762,192.168.10.126,04C9CB,52485,HEARTBEAT,"ip=192.168.10.126,peers=4,cache_used=0,queries=0,hits=0,avg_ms=0.00,heap=33120"
2026-05-25T16:06:58.223,192.168.10.201,34990F,180788,HEARTBEAT,"ip=192.168.10.201,peers=4,cache_used=0,queries=0,hits=0,avg_ms=0.00,heap=33152"
2026-05-25T16:06:59.248,192.168.10.166,2BA2F4,60300,HEARTBEAT,"ip=192.168.10.166,peers=3,cache_used=0,queries=0,hits=0,avg_ms=0.00,heap=33224"
2026-05-25T16:06:59.863,192.168.10.243,0B8772,80001,HEARTBEAT,"ip=192.168.10.243,peers=4,cache_used=0,queries=0,hits=0,avg_ms=0.00,heap=33096"
2026-05-25T16:07:00.058,192.168.10.200,A3A2D8,261373,HEARTBEAT,"ip=192.168.10.200,peers=4,cache_used=0,queries=0,hits=0,avg_ms=0.00,heap=32176"
2026-05-25T16:07:06.012,192.168.10.126,04C9CB,62767,HEARTBEAT,"ip=192.168.10.126,peers=4,cache_used=0,queries=0,hits=0,avg_ms=0.00,heap=32600"
2026-05-25T16:07:08.472,192.168.10.201,34990F,190993,HEARTBEAT,"ip=192.168.10.201,peers=4,cache_used=0,queries=0,hits=0,avg_ms=0.00,heap=32632"
2026-05-25T16:07:09.291,192.168.10.166,2BA2F4,70300,HEARTBEAT,"ip=192.168.10.166,peers=3,cache_used=0,queries=0,hits=0,avg_ms=0.00,heap=33224"
2026-05-25T16:07:10.111,192.168.10.243,0B8772,90244,HEARTBEAT,"ip=192.168.10.243,peers=4,cache_used=0,queries=0,hits=0,avg_ms=0.00,heap=32976"
2026-05-25T16:07:10.316,192.168.10.200,A3A2D8,271588,HEARTBEAT,"ip=192.168.10.200,peers=4,cache_used=0,queries=0,hits=0,avg_ms=0.00,heap=32008"
2026-05-25T16:07:16.259,192.168.10.126,04C9CB,72926,HEARTBEAT,"ip=192.168.10.126,peers=4,cache_used=0,queries=0,hits=0,avg_ms=0.00,heap=32600"
2026-05-25T16:07:18.308,192.168.10.201,34990F,200901,HEARTBEAT,"ip=192.168.10.201,peers=4,cache_used=0,queries=0,hits=0,avg_ms=0.00,heap=33152"
2026-05-25T16:07:19.538,192.168.10.166,2BA2F4,80499,HEARTBEAT,"ip=192.168.10.166,peers=3,cache_used=0,queries=0,hits=0,avg_ms=0.00,heap=32704"
2026-05-25T16:07:20.153,192.168.10.243,0B8772,100401,HEARTBEAT,"ip=192.168.10.243,peers=4,cache_used=0,queries=0,hits=0,avg_ms=0.00,heap=32576"
2026-05-25T16:07:20.563,192.168.10.200,A3A2D8,281844,HEARTBEAT,"ip=192.168.10.200,peers=4,cache_used=0,queries=0,hits=0,avg_ms=0.00,heap=32576"
2026-05-25T16:07:26.085,192.168.10.126,04C9CB,82833,HEARTBEAT,"ip=192.168.10.126,peers=4,cache_used=0,queries=0,hits=0,avg_ms=0.00,heap=33120"
2026-05-25T16:07:28.350,192.168.10.201,34990F,210902,HEARTBEAT,"ip=192.168.10.201,peers=4,cache_used=0,queries=0,hits=0,avg_ms=0.00,heap=33152"
2026-05-25T16:07:29.579,192.168.10.166,2BA2F4,90720,HEARTBEAT,"ip=192.168.10.166,peers=3,cache_used=0,queries=0,hits=0,avg_ms=0.00,heap=32072"
2026-05-25T16:07:30.194,192.168.10.243,0B8772,110309,HEARTBEAT,"ip=192.168.10.243,peers=4,cache_used=0,queries=0,hits=0,avg_ms=0.00,heap=33096"
2026-05-25T16:07:30.604,192.168.10.200,A3A2D8,291751,HEARTBEAT,"ip=192.168.10.200,peers=4,cache_used=0,queries=0,hits=0,avg_ms=0.00,heap=33096"
2026-05-25T16:07:36.136,192.168.10.126,04C9CB,92833,HEARTBEAT,"ip=192.168.10.126,peers=4,cache_used=0,queries=0,hits=0,avg_ms=0.00,heap=33120"
2026-05-25T16:07:38.390,192.168.10.201,34990F,220903,HEARTBEAT,"ip=192.168.10.201,peers=4,cache_used=0,queries=0,hits=0,avg_ms=0.00,heap=33152"
2026-05-25T16:07:39.620,192.168.10.166,2BA2F4,100628,HEARTBEAT,"ip=192.168.10.166,peers=3,cache_used=0,queries=0,hits=0,avg_ms=0.00,heap=33224"
2026-05-25T16:07:40.235,192.168.10.243,0B8772,120309,HEARTBEAT,"ip=192.168.10.243,peers=4,cache_used=0,queries=0,hits=0,avg_ms=0.00,heap=33096"
2026-05-25T16:07:40.849,192.168.10.200,A3A2D8,302105,HEARTBEAT,"ip=192.168.10.200,peers=4,cache_used=0,queries=0,hits=0,avg_ms=0.00,heap=32576"
2026-05-25T16:07:46.177,192.168.10.126,04C9CB,102833,HEARTBEAT,"ip=192.168.10.126,peers=4,cache_used=0,queries=0,hits=0,avg_ms=0.00,heap=33120"
2026-05-25T16:07:48.424,192.168.10.201,34990F,230903,HEARTBEAT,"ip=192.168.10.201,peers=4,cache_used=0,queries=0,hits=0,avg_ms=0.00,heap=33152"
2026-05-25T16:07:49.660,192.168.10.166,2BA2F4,110628,HEARTBEAT,"ip=192.168.10.166,peers=3,cache_used=0,queries=0,hits=0,avg_ms=0.00,heap=33224"
2026-05-25T16:07:50.070,192.168.10.243,0B8772,130309,HEARTBEAT,"ip=192.168.10.243,peers=4,cache_used=0,queries=0,hits=0,avg_ms=0.00,heap=33096"
2026-05-25T16:07:50.890,192.168.10.200,A3A2D8,312201,HEARTBEAT,"ip=192.168.10.200,peers=4,cache_used=0,queries=0,hits=0,avg_ms=0.00,heap=32576"
2026-05-25T16:07:56.217,192.168.10.126,04C9CB,112833,HEARTBEAT,"ip=192.168.10.126,peers=4,cache_used=0,queries=0,hits=0,avg_ms=0.00,heap=33120"
2026-05-25T16:07:58.471,192.168.10.201,34990F,240903,HEARTBEAT,"ip=192.168.10.201,peers=4,cache_used=0,queries=0,hits=0,avg_ms=0.00,heap=33152"
2026-05-25T16:07:59.701,192.168.10.166,2BA2F4,120795,HEARTBEAT,"ip=192.168.10.166,peers=3,cache_used=0,queries=0,hits=0,avg_ms=0.00,heap=32472"
2026-05-25T16:08:00.316,192.168.10.243,0B8772,140496,HEARTBEAT,"ip=192.168.10.243,peers=4,cache_used=0,queries=0,hits=0,avg_ms=0.00,heap=32576"
2026-05-25T16:08:01.134,192.168.10.200,A3A2D8,322427,HEARTBEAT,"ip=192.168.10.200,peers=4,cache_used=0,queries=0,hits=0,avg_ms=0.00,heap=32576"
2026-05-25T16:08:06.258,192.168.10.126,04C9CB,122916,HEARTBEAT,"ip=192.168.10.126,peers=4,cache_used=0,queries=0,hits=0,avg_ms=0.00,heap=32720"
2026-05-25T16:08:08.717,192.168.10.201,34990F,251134,HEARTBEAT,"ip=192.168.10.201,peers=4,cache_used=0,queries=0,hits=0,avg_ms=0.00,heap=32632"
2026-05-25T16:08:10.355,192.168.10.243,0B8772,150607,HEARTBEAT,"ip=192.168.10.243,peers=4,cache_used=0,queries=0,hits=0,avg_ms=0.00,heap=32576"
2026-05-25T16:08:11.176,192.168.10.200,A3A2D8,332335,HEARTBEAT,"ip=192.168.10.200,peers=4,cache_used=0,queries=0,hits=0,avg_ms=0.00,heap=33096"
2026-05-25T16:08:16.285,192.168.10.126,04C9CB,132916,HEARTBEAT,"ip=192.168.10.126,peers=4,cache_used=0,queries=0,hits=0,avg_ms=0.00,heap=33120"
2026-05-25T16:08:18.532,192.168.10.201,34990F,261042,HEARTBEAT,"ip=192.168.10.201,peers=4,cache_used=0,queries=0,hits=0,avg_ms=0.00,heap=33152"
2026-05-25T16:08:19.758,192.168.10.166,2BA2F4,140856,HEARTBEAT,"ip=192.168.10.166,peers=3,cache_used=0,queries=0,hits=0,avg_ms=0.00,heap=33224"
2026-05-25T16:08:20.371,192.168.10.243,0B8772,160604,HEARTBEAT,"ip=192.168.10.243,peers=4,cache_used=0,queries=0,hits=0,avg_ms=0.00,heap=33096"
2026-05-25T16:08:21.188,192.168.10.200,A3A2D8,342335,HEARTBEAT,"ip=192.168.10.200,peers=4,cache_used=0,queries=0,hits=0,avg_ms=0.00,heap=33096"
2026-05-25T16:08:26.299,192.168.10.126,04C9CB,142916,HEARTBEAT,"ip=192.168.10.126,peers=4,cache_used=0,queries=0,hits=0,avg_ms=0.00,heap=33120"
2026-05-25T16:08:28.548,192.168.10.201,34990F,271042,HEARTBEAT,"ip=192.168.10.201,peers=4,cache_used=0,queries=0,hits=0,avg_ms=0.00,heap=33152"
2026-05-25T16:08:29.776,192.168.10.166,2BA2F4,150856,HEARTBEAT,"ip=192.168.10.166,peers=3,cache_used=0,queries=0,hits=0,avg_ms=0.00,heap=33224"
2026-05-25T16:08:30.389,192.168.10.243,0B8772,170604,HEARTBEAT,"ip=192.168.10.243,peers=4,cache_used=0,queries=0,hits=0,avg_ms=0.00,heap=33096"
2026-05-25T16:08:30.999,192.168.10.200,A3A2D8,352335,HEARTBEAT,"ip=192.168.10.200,peers=4,cache_used=0,queries=0,hits=0,avg_ms=0.00,heap=33096"
2026-05-25T16:08:36.323,192.168.10.126,04C9CB,152916,HEARTBEAT,"ip=192.168.10.126,peers=4,cache_used=0,queries=0,hits=0,avg_ms=0.00,heap=33120"
2026-05-25T16:08:38.574,192.168.10.201,34990F,281042,HEARTBEAT,"ip=192.168.10.201,peers=4,cache_used=0,queries=0,hits=0,avg_ms=0.00,heap=33152"
2026-05-25T16:08:39.802,192.168.10.166,2BA2F4,160856,HEARTBEAT,"ip=192.168.10.166,peers=3,cache_used=0,queries=0,hits=0,avg_ms=0.00,heap=33224"
2026-05-25T16:08:40.621,192.168.10.243,0B8772,180909,HEARTBEAT,"ip=192.168.10.243,peers=4,cache_used=0,queries=0,hits=0,avg_ms=0.00,heap=31944"
2026-05-25T16:08:41.030,192.168.10.200,A3A2D8,362335,HEARTBEAT,"ip=192.168.10.200,peers=4,cache_used=0,queries=0,hits=0,avg_ms=0.00,heap=33096"
2026-05-25T16:08:46.148,192.168.10.126,04C9CB,162924,HEARTBEAT,"ip=192.168.10.126,peers=4,cache_used=0,queries=0,hits=0,avg_ms=0.00,heap=33120"
2026-05-25T16:08:48.605,192.168.10.201,34990F,291043,HEARTBEAT,"ip=192.168.10.201,peers=4,cache_used=0,queries=0,hits=0,avg_ms=0.00,heap=33152"
2026-05-25T16:08:49.833,192.168.10.166,2BA2F4,170981,HEARTBEAT,"ip=192.168.10.166,peers=3,cache_used=0,queries=0,hits=0,avg_ms=0.00,heap=32704"
2026-05-25T16:08:50.652,192.168.10.243,0B8772,190817,HEARTBEAT,"ip=192.168.10.243,peers=4,cache_used=0,queries=0,hits=0,avg_ms=0.00,heap=33096"
2026-05-25T16:08:51.266,192.168.10.200,A3A2D8,372504,HEARTBEAT,"ip=192.168.10.200,peers=4,cache_used=0,queries=0,hits=0,avg_ms=0.00,heap=32576"
2026-05-25T16:08:56.181,192.168.10.126,04C9CB,172979,HEARTBEAT,"ip=192.168.10.126,peers=4,cache_used=0,queries=0,hits=0,avg_ms=0.00,heap=33120"
2026-05-25T16:08:58.423,192.168.10.201,34990F,301043,HEARTBEAT,"ip=192.168.10.201,peers=4,cache_used=0,queries=0,hits=0,avg_ms=0.00,heap=33152"
2026-05-25T16:09:00.061,192.168.10.166,2BA2F4,181217,HEARTBEAT,"ip=192.168.10.166,peers=3,cache_used=0,queries=0,hits=0,avg_ms=0.00,heap=33040"
2026-05-25T16:09:00.890,192.168.10.243,0B8772,201187,HEARTBEAT,"ip=192.168.10.243,peers=4,cache_used=0,queries=0,hits=0,avg_ms=0.00,heap=32576"
2026-05-25T16:09:01.095,192.168.10.200,A3A2D8,382412,HEARTBEAT,"ip=192.168.10.200,peers=4,cache_used=0,queries=0,hits=0,avg_ms=0.00,heap=33096"
2026-05-25T16:09:06.215,192.168.10.126,04C9CB,182979,HEARTBEAT,"ip=192.168.10.126,peers=4,cache_used=0,queries=0,hits=0,avg_ms=0.00,heap=33120"
2026-05-25T16:09:08.467,192.168.10.201,34990F,311043,HEARTBEAT,"ip=192.168.10.201,peers=4,cache_used=0,queries=0,hits=0,avg_ms=0.00,heap=33152"
2026-05-25T16:09:11.129,192.168.10.200,A3A2D8,392412,HEARTBEAT,"ip=192.168.10.200,peers=4,cache_used=0,queries=0,hits=0,avg_ms=0.00,heap=33096"
2026-05-25T16:09:16.250,192.168.10.126,04C9CB,192979,HEARTBEAT,"ip=192.168.10.126,peers=4,cache_used=0,queries=0,hits=0,avg_ms=0.00,heap=33120"
2026-05-25T16:09:18.503,192.168.10.201,34990F,321043,HEARTBEAT,"ip=192.168.10.201,peers=4,cache_used=0,queries=0,hits=0,avg_ms=0.00,heap=33152"
2026-05-25T16:09:19.937,192.168.10.166,2BA2F4,200932,HEARTBEAT,"ip=192.168.10.166,peers=3,cache_used=0,queries=0,hits=0,avg_ms=0.00,heap=33224"
2026-05-25T16:09:20.960,192.168.10.243,0B8772,221231,HEARTBEAT,"ip=192.168.10.243,peers=4,cache_used=0,queries=0,hits=0,avg_ms=0.00,heap=33096"
2026-05-25T16:09:21.165,192.168.10.200,A3A2D8,402412,HEARTBEAT,"ip=192.168.10.200,peers=4,cache_used=0,queries=0,hits=0,avg_ms=0.00,heap=33096"
2026-05-25T16:09:26.286,192.168.10.126,04C9CB,202979,HEARTBEAT,"ip=192.168.10.126,peers=4,cache_used=0,queries=0,hits=0,avg_ms=0.00,heap=33120"
2026-05-25T16:09:28.539,192.168.10.201,34990F,331043,HEARTBEAT,"ip=192.168.10.201,peers=4,cache_used=0,queries=0,hits=0,avg_ms=0.00,heap=33152"
2026-05-25T16:09:29.768,192.168.10.166,2BA2F4,210932,HEARTBEAT,"ip=192.168.10.166,peers=3,cache_used=0,queries=0,hits=0,avg_ms=0.00,heap=33224"
2026-05-25T16:09:30.997,192.168.10.243,0B8772,231295,HEARTBEAT,"ip=192.168.10.243,peers=4,cache_used=0,queries=0,hits=0,avg_ms=0.00,heap=32696"
2026-05-25T16:09:31.202,192.168.10.200,A3A2D8,412412,HEARTBEAT,"ip=192.168.10.200,peers=4,cache_used=0,queries=0,hits=0,avg_ms=0.00,heap=33096"
2026-05-25T16:09:36.527,192.168.10.126,04C9CB,213297,HEARTBEAT,"ip=192.168.10.126,peers=4,cache_used=0,queries=0,hits=0,avg_ms=0.00,heap=32600"
2026-05-25T16:09:38.574,192.168.10.201,34990F,341151,HEARTBEAT,"ip=192.168.10.201,peers=4,cache_used=0,queries=0,hits=0,avg_ms=0.00,heap=33152"
2026-05-25T16:09:39.803,192.168.10.166,2BA2F4,220932,HEARTBEAT,"ip=192.168.10.166,peers=3,cache_used=0,queries=0,hits=0,avg_ms=0.00,heap=33224"
2026-05-25T16:09:41.441,192.168.10.243,0B8772,241568,HEARTBEAT,"ip=192.168.10.243,peers=4,cache_used=0,queries=0,hits=0,avg_ms=0.00,heap=32576"
2026-05-25T16:09:41.441,192.168.10.200,A3A2D8,422687,HEARTBEAT,"ip=192.168.10.200,peers=4,cache_used=0,queries=0,hits=0,avg_ms=0.00,heap=32176"
2026-05-25T16:09:46.554,192.168.10.126,04C9CB,223208,HEARTBEAT,"ip=192.168.10.126,peers=4,cache_used=0,queries=0,hits=0,avg_ms=0.00,heap=33120"
2026-05-25T16:09:48.606,192.168.10.201,34990F,351151,HEARTBEAT,"ip=192.168.10.201,peers=4,cache_used=0,queries=0,hits=0,avg_ms=0.00,heap=33152"
2026-05-25T16:09:49.835,192.168.10.166,2BA2F4,230932,HEARTBEAT,"ip=192.168.10.166,peers=3,cache_used=0,queries=0,hits=0,avg_ms=0.00,heap=33224"
2026-05-25T16:09:51.268,192.168.10.243,0B8772,251477,HEARTBEAT,"ip=192.168.10.243,peers=4,cache_used=0,queries=0,hits=0,avg_ms=0.00,heap=33096"
2026-05-25T16:09:51.473,192.168.10.200,A3A2D8,432786,HEARTBEAT,"ip=192.168.10.200,peers=4,cache_used=0,queries=0,hits=0,avg_ms=0.00,heap=32576"
2026-05-25T16:09:56.591,192.168.10.126,04C9CB,233320,HEARTBEAT,"ip=192.168.10.126,peers=4,cache_used=0,queries=0,hits=0,avg_ms=0.00,heap=32600"
2026-05-25T16:09:58.639,192.168.10.201,34990F,361151,HEARTBEAT,"ip=192.168.10.201,peers=4,cache_used=0,queries=0,hits=0,avg_ms=0.00,heap=33152"
2026-05-25T16:09:59.868,192.168.10.166,2BA2F4,240932,HEARTBEAT,"ip=192.168.10.166,peers=4,cache_used=0,queries=0,hits=0,avg_ms=0.00,heap=33224"
2026-05-25T16:10:01.301,192.168.10.243,0B8772,261477,HEARTBEAT,"ip=192.168.10.243,peers=4,cache_used=0,queries=0,hits=0,avg_ms=0.00,heap=33096"
2026-05-25T16:10:01.506,192.168.10.200,A3A2D8,442694,HEARTBEAT,"ip=192.168.10.200,peers=4,cache_used=0,queries=0,hits=0,avg_ms=0.00,heap=33096"
2026-05-25T16:10:08.675,192.168.10.201,34990F,371151,HEARTBEAT,"ip=192.168.10.201,peers=4,cache_used=0,queries=0,hits=0,avg_ms=0.00,heap=33152"
2026-05-25T16:10:09.904,192.168.10.166,2BA2F4,250932,HEARTBEAT,"ip=192.168.10.166,peers=4,cache_used=0,queries=0,hits=0,avg_ms=0.00,heap=33224"
2026-05-25T16:10:11.542,192.168.10.200,A3A2D8,452809,HEARTBEAT,"ip=192.168.10.200,peers=4,cache_used=0,queries=0,hits=0,avg_ms=0.00,heap=32576"
2026-05-25T16:10:16.867,192.168.10.126,04C9CB,253482,HEARTBEAT,"ip=192.168.10.126,peers=4,cache_used=0,queries=0,hits=0,avg_ms=0.00,heap=33120"
2026-05-25T16:10:18.711,192.168.10.201,34990F,381151,HEARTBEAT,"ip=192.168.10.201,peers=4,cache_used=0,queries=0,hits=0,avg_ms=0.00,heap=33152"
2026-05-25T16:10:19.940,192.168.10.166,2BA2F4,260932,HEARTBEAT,"ip=192.168.10.166,peers=4,cache_used=0,queries=0,hits=0,avg_ms=0.00,heap=33224"
2026-05-25T16:10:21.373,192.168.10.243,0B8772,281667,HEARTBEAT,"ip=192.168.10.243,peers=4,cache_used=0,queries=0,hits=0,avg_ms=0.00,heap=33096"
2026-05-25T16:10:21.386,192.168.10.200,A3A2D8,462717,HEARTBEAT,"ip=192.168.10.200,peers=4,cache_used=0,queries=0,hits=0,avg_ms=0.00,heap=33096"
2026-05-25T16:10:26.699,192.168.10.126,04C9CB,263482,HEARTBEAT,"ip=192.168.10.126,peers=4,cache_used=0,queries=0,hits=0,avg_ms=0.00,heap=33120"
2026-05-25T16:10:28.543,192.168.10.201,34990F,391151,HEARTBEAT,"ip=192.168.10.201,peers=4,cache_used=0,queries=0,hits=0,avg_ms=0.00,heap=33152"
2026-05-25T16:10:29.771,192.168.10.166,2BA2F4,270933,HEARTBEAT,"ip=192.168.10.166,peers=4,cache_used=0,queries=0,hits=0,avg_ms=0.00,heap=33224"
2026-05-25T16:10:31.409,192.168.10.200,A3A2D8,472717,HEARTBEAT,"ip=192.168.10.200,peers=4,cache_used=0,queries=0,hits=0,avg_ms=0.00,heap=33096"
2026-05-25T16:10:31.421,192.168.10.243,0B8772,291667,HEARTBEAT,"ip=192.168.10.243,peers=4,cache_used=0,queries=0,hits=0,avg_ms=0.00,heap=33096"
2026-05-25T16:10:36.735,192.168.10.126,04C9CB,273482,HEARTBEAT,"ip=192.168.10.126,peers=4,cache_used=0,queries=0,hits=0,avg_ms=0.00,heap=33120"
2026-05-25T16:10:38.578,192.168.10.201,34990F,401151,HEARTBEAT,"ip=192.168.10.201,peers=4,cache_used=0,queries=0,hits=0,avg_ms=0.00,heap=33152"
2026-05-25T16:10:39.807,192.168.10.166,2BA2F4,280933,HEARTBEAT,"ip=192.168.10.166,peers=4,cache_used=0,queries=0,hits=0,avg_ms=0.00,heap=33224"
2026-05-25T16:10:41.445,192.168.10.200,A3A2D8,482717,HEARTBEAT,"ip=192.168.10.200,peers=4,cache_used=0,queries=0,hits=0,avg_ms=0.00,heap=33096"
2026-05-25T16:10:41.650,192.168.10.243,0B8772,301927,HEARTBEAT,"ip=192.168.10.243,peers=4,cache_used=0,queries=0,hits=0,avg_ms=0.00,heap=32176"
2026-05-25T16:10:46.771,192.168.10.126,04C9CB,283482,HEARTBEAT,"ip=192.168.10.126,peers=4,cache_used=0,queries=0,hits=0,avg_ms=0.00,heap=33120"
2026-05-25T16:10:48.615,192.168.10.201,34990F,411152,HEARTBEAT,"ip=192.168.10.201,peers=4,cache_used=0,queries=0,hits=0,avg_ms=0.00,heap=33152"
2026-05-25T16:10:49.843,192.168.10.166,2BA2F4,290933,HEARTBEAT,"ip=192.168.10.166,peers=4,cache_used=0,queries=0,hits=0,avg_ms=0.00,heap=33224"
2026-05-25T16:10:51.482,192.168.10.200,A3A2D8,492824,HEARTBEAT,"ip=192.168.10.200,peers=4,cache_used=0,queries=0,hits=0,avg_ms=0.00,heap=32576"
2026-05-25T16:10:51.687,192.168.10.243,0B8772,311835,HEARTBEAT,"ip=192.168.10.243,peers=4,cache_used=0,queries=0,hits=0,avg_ms=0.00,heap=33096"
2026-05-25T16:10:56.807,192.168.10.126,04C9CB,293482,HEARTBEAT,"ip=192.168.10.126,peers=4,cache_used=0,queries=0,hits=0,avg_ms=0.00,heap=33120"
2026-05-25T16:10:59.879,192.168.10.166,2BA2F4,300934,HEARTBEAT,"ip=192.168.10.166,peers=4,cache_used=0,queries=0,hits=0,avg_ms=0.00,heap=33224"
2026-05-25T16:11:01.722,192.168.10.243,0B8772,321835,HEARTBEAT,"ip=192.168.10.243,peers=4,cache_used=0,queries=0,hits=0,avg_ms=0.00,heap=33096"
2026-05-25T16:11:01.734,192.168.10.200,A3A2D8,502885,HEARTBEAT,"ip=192.168.10.200,peers=4,cache_used=0,queries=0,hits=0,avg_ms=0.00,heap=32576"
2026-05-25T16:11:07.048,192.168.10.126,04C9CB,303823,HEARTBEAT,"ip=192.168.10.126,peers=4,cache_used=0,queries=0,hits=0,avg_ms=0.00,heap=32600"
2026-05-25T16:11:08.891,192.168.10.201,34990F,431390,HEARTBEAT,"ip=192.168.10.201,peers=4,cache_used=0,queries=0,hits=0,avg_ms=0.00,heap=33152"
2026-05-25T16:11:09.915,192.168.10.166,2BA2F4,310934,HEARTBEAT,"ip=192.168.10.166,peers=4,cache_used=0,queries=0,hits=0,avg_ms=0.00,heap=33224"
2026-05-25T16:11:11.554,192.168.10.200,A3A2D8,512793,HEARTBEAT,"ip=192.168.10.200,peers=4,cache_used=0,queries=0,hits=0,avg_ms=0.00,heap=33096"
2026-05-25T16:11:11.758,192.168.10.243,0B8772,332031,HEARTBEAT,"ip=192.168.10.243,peers=4,cache_used=0,queries=0,hits=0,avg_ms=0.00,heap=32576"
2026-05-25T16:11:15.035,192.168.10.200,A3A2D8,516211,PEERS,count=4
2026-05-25T16:11:15.047,192.168.10.126,04C9CB,311663,PEERS,count=4
2026-05-25T16:11:15.047,192.168.10.201,34990F,437492,PEERS,count=4
2026-05-25T16:11:17.083,192.168.10.126,04C9CB,313731,HEARTBEAT,"ip=192.168.10.126,peers=4,cache_used=0,queries=0,hits=0,avg_ms=0.00,heap=33120"
2026-05-25T16:11:18.927,192.168.10.201,34990F,441390,HEARTBEAT,"ip=192.168.10.201,peers=4,cache_used=0,queries=0,hits=0,avg_ms=0.00,heap=33152"
2026-05-25T16:11:19.951,192.168.10.166,2BA2F4,320934,HEARTBEAT,"ip=192.168.10.166,peers=4,cache_used=0,queries=0,hits=0,avg_ms=0.00,heap=33224"
2026-05-25T16:13:19.359,192.168.10.201,34990F,561785,HEARTBEAT,"ip=192.168.10.201,peers=4,cache_used=0,queries=0,hits=0,avg_ms=0.00,heap=33152"
2026-05-25T16:13:20.179,192.168.10.166,2BA2F4,441170,HEARTBEAT,"ip=192.168.10.166,peers=4,cache_used=0,queries=0,hits=0,avg_ms=0.00,heap=33224"
2026-05-25T16:13:21.816,192.168.10.200,A3A2D8,642965,HEARTBEAT,"ip=192.168.10.200,peers=4,cache_used=0,queries=0,hits=0,avg_ms=0.00,heap=33096"
2026-05-25T16:13:22.432,192.168.10.243,0B8772,462549,HEARTBEAT,"ip=192.168.10.243,peers=4,cache_used=0,queries=0,hits=0,avg_ms=0.00,heap=33096"
2026-05-25T16:13:27.347,192.168.10.126,04C9CB,443966,HEARTBEAT,"ip=192.168.10.126,peers=4,cache_used=0,queries=0,hits=0,avg_ms=0.00,heap=33120"
2026-05-25T16:13:29.191,192.168.10.201,34990F,571785,HEARTBEAT,"ip=192.168.10.201,peers=4,cache_used=0,queries=0,hits=0,avg_ms=0.00,heap=33152"
2026-05-25T16:13:29.397,192.168.10.201,34990F,571832,DISCOVERY_SENT,peers=4
2026-05-25T16:13:29.408,192.168.10.200,A3A2D8,650552,DISCOVERY_SENT,peers=4
2026-05-25T16:13:29.408,192.168.10.243,0B8772,469504,DISCOVERY_SENT,peers=4
2026-05-25T16:13:29.425,192.168.10.126,04C9CB,446006,DISCOVERY_SENT,peers=4
2026-05-25T16:13:30.011,192.168.10.166,2BA2F4,451170,HEARTBEAT,"ip=192.168.10.166,peers=4,cache_used=0,queries=0,hits=0,avg_ms=0.00,heap=33224"
2026-05-25T16:13:31.852,192.168.10.200,A3A2D8,653169,HEARTBEAT,"ip=192.168.10.200,peers=4,cache_used=0,queries=0,hits=0,avg_ms=0.00,heap=32576"
2026-05-25T16:13:32.673,192.168.10.243,0B8772,472839,HEARTBEAT,"ip=192.168.10.243,peers=4,cache_used=0,queries=0,hits=0,avg_ms=0.00,heap=32344"
2026-05-25T16:13:37.178,192.168.10.126,04C9CB,453966,HEARTBEAT,"ip=192.168.10.126,peers=4,cache_used=0,queries=0,hits=0,avg_ms=0.00,heap=33120"
2026-05-25T16:13:39.226,192.168.10.201,34990F,581785,HEARTBEAT,"ip=192.168.10.201,peers=4,cache_used=0,queries=0,hits=0,avg_ms=0.00,heap=33152"
2026-05-25T16:13:40.045,192.168.10.166,2BA2F4,461169,HEARTBEAT,"ip=192.168.10.166,peers=4,cache_used=0,queries=0,hits=0,avg_ms=0.00,heap=33224"
2026-05-25T16:13:41.888,192.168.10.200,A3A2D8,663166,HEARTBEAT,"ip=192.168.10.200,peers=4,cache_used=0,queries=0,hits=0,avg_ms=0.00,heap=32928"
2026-05-25T16:13:42.298,192.168.10.243,0B8772,482554,HEARTBEAT,"ip=192.168.10.243,peers=4,cache_used=0,queries=0,hits=0,avg_ms=0.00,heap=33096"
